{
    "/camcourt1_1512745436985_0.png": {
        "bballs": 1,
        "prediction": [
            [
                0.15100455284118652,
                0.29587531089782715
            ],
            [
                0.5024166107177734,
                0.8543537259101868
            ],
            [
                0.23671448230743408,
                1.0588852167129517
            ],
            [
                0.2600157856941223,
                0.6983519196510315
            ],
            [
                0.2766326665878296,
                0.26669400930404663
            ],
            [
                0.7146695256233215,
                0.9289520382881165
            ],
            [
                0.22596967220306396,
                0.4765540361404419
            ],
            [
                0.3957468867301941,
                0.0579867884516716
            ],
            [
                0.16315039992332458,
                0.41142234206199646
            ],
            [
                0.2867887020111084,
                0.102301687002182
            ],
            [
                0.2835659980773926,
                0.4735385477542877
            ],
            [
                0.05157856643199921,
                0.3638889491558075
            ],
            [
                0.1369219720363617,
                0.5090771913528442
            ],
            [
                0.28750163316726685,
                0.38373517990112305
            ]
        ]
    },
    "/camcourt1_1513022463024_0.png": {
        "bballs": 1,
        "prediction": [
            [
                0.6906038522720337,
                0.7412805557250977
            ],
            [
                0.7585957646369934,
                0.8901985287666321
            ],
            [
                0.6646826863288879,
                0.8721275329589844
            ],
            [
                0.7913574576377869,
                0.9954932332038879
            ],
            [
                0.31708040833473206,
                0.6974335312843323
            ],
            [
                0.4062749743461609,
                0.12283840775489807
            ],
            [
                0.5269083976745605,
                0.3983387351036072
            ],
            [
                0.1503784954547882,
                0.7590469717979431
            ],
            [
                0.22106319665908813,
                0.3850071430206299
            ],
            [
                0.5360084772109985,
                0.21281778812408447
            ],
            [
                0.24531133472919464,
                0.6556212902069092
            ],
            [
                0.17122235894203186,
                0.17239415645599365
            ],
            [
                -0.029158636927604675,
                0.785660982131958
            ],
            [
                0.3813421130180359,
                0.7431548833847046
            ],
            [
                0.3276786506175995,
                0.08653471618890762
            ]
        ]
    },
    "/camcourt1_1513367753466_0.png": {
        "bballs": 1,
        "prediction": [
            [
                0.8499383926391602,
                0.6031325459480286
            ],
            [
                0.8460988998413086,
                0.7918650507926941
            ],
            [
                0.45482030510902405,
                0.2817334830760956
            ],
            [
                0.7415502667427063,
                0.5969215035438538
            ],
            [
                0.3714742064476013,
                0.39057791233062744
            ],
            [
                0.8588916659355164,
                0.5679200887680054
            ],
            [
                0.6740029454231262,
                0.26554054021835327
            ],
            [
                0.6246129274368286,
                0.3061838448047638
            ],
            [
                -0.058575019240379333,
                0.811042070388794
            ],
            [
                0.5292404294013977,
                0.13926860690116882
            ],
            [
                0.10491901636123657,
                0.5361126065254211
            ],
            [
                0.22564873099327087,
                0.5007068514823914
            ],
            [
                0.3508027195930481,
                0.2773616909980774
            ],
            [
                0.3956007957458496,
                0.14150398969650269
            ],
            [
                0.5707508325576782,
                0.20195946097373962
            ]
        ]
    },
    "/camcourt1_1513711368928_0.png": {
        "bballs": 1,
        "prediction": [
            [
                0.6396586894989014,
                0.5007697939872742
            ],
            [
                0.2993198037147522,
                0.5761111974716187
            ],
            [
                0.8520355820655823,
                0.9205998182296753
            ],
            [
                0.7635892033576965,
                1.1554311513900757
            ],
            [
                0.26993200182914734,
                0.7182957530021667
            ],
            [
                0.5670543909072876,
                0.08875910192728043
            ],
            [
                -0.061188653111457825,
                0.6516932249069214
            ],
            [
                0.6252983212471008,
                0.06730471551418304
            ],
            [
                0.8097682595252991,
                1.1471177339553833
            ],
            [
                0.6121518611907959,
                0.3831849694252014
            ],
            [
                0.5240381360054016,
                0.40080931782722473
            ],
            [
                0.18845736980438232,
                0.49471378326416016
            ],
            [
                0.5044363141059875,
                0.3639218509197235
            ]
        ]
    },
    "/camcourt1_1513714473560_40.png": {
        "bballs": 1,
        "prediction": [
            [
                0.5488930940628052,
                0.453202486038208
            ],
            [
                0.44604063034057617,
                1.0371757745742798
            ],
            [
                0.7998444437980652,
                0.4509720504283905
            ],
            [
                0.1741548627614975,
                0.5310767889022827
            ],
            [
                0.7815980315208435,
                0.6300492882728577
            ],
            [
                0.8991337418556213,
                0.6845370531082153
            ],
            [
                0.38827037811279297,
                0.8786311149597168
            ],
            [
                0.37590140104293823,
                0.7569563984870911
            ],
            [
                0.6096014976501465,
                0.20437964797019958
            ],
            [
                0.555436372756958,
                0.4824994206428528
            ],
            [
                0.3346547782421112,
                0.14739981293678284
            ],
            [
                0.04271888732910156,
                0.41226205229759216
            ],
            [
                0.6773788928985596,
                0.26291489601135254
            ],
            [
                0.2708694040775299,
                0.5742712020874023
            ]
        ]
    },
    "/camcourt1_1512763361732_0.png": {
        "bballs": 1,